<application>
  <component name="vgo">
    <environment>
      <map>
        <entry key="GONOPROXY">
          <value>
            <list>
              <option value="https://goproxy.cn" />
            </list>
          </value>
        </entry>
        <entry key="GOPROXY">
          <value>
            <list>
              <option value="https://goproxy.io" />
              <option value="https://goproxy.cn" />
            </list>
          </value>
        </entry>
      </map>
    </environment>
  </component>
</application>