<application>
  <component name="AppStorage">
    <histories>
      <item value="SilenceUsage is an option to silence usage when an error occurs" />
      <item value="Eloquent" />
      <item value="doc" />
    </histories>
    <option name="languageScores">
      <map>
        <entry key="CHINESE" value="2" />
        <entry key="ENGLISH" value="2" />
      </map>
    </option>
  </component>
  <component name="Settings">
    <option name="ignoreRegExp" value="" />
    <option name="translator" value="fanyi.baidu" />
  </component>
</application>